State,State code,Clean,Bioenergy,Coal,Gas,Fossil,Solar,Hydro,Nuclear,Total Generation,Clean_prop,Bioenergy_prop,Coal_prop,Gas_prop,Fossil_prop,Solar_prop,Hydro_prop,Nuclear_prop,Total Generation_prop
Alabama,AL,56608.38,3190.15,25943.99,62217.45,88202.31,916.36,10188.21,42313.66,144810.69,0.39091299129919205,0.022029796280923736,0.17915797514672432,0.429646803008811,0.6090870087008079,0.006327985868999036,0.0703553722449634,0.2921998369043059,1.0
Alaska,AK,1909.27,40.84,726.93,3229.38,4800.59,15.72,1713.43,0.0,6709.86,0.2845469205020671,0.006086565144429244,0.1083375808139067,0.48128873031628083,0.7154530794979329,0.0023428208636245766,0.2553600224147747,0.0,1.0
Arizona,AZ,50169.07,204.27,13449.47,45053.25,58523.72,11063.08,5394.58,31942.79,108692.79,0.4615675979979905,0.0018793334866093695,0.12373838227908217,0.414500814635451,0.5384324020020096,0.10178301615038128,0.04963144289515432,0.2938814064851956,1.0
Arkansas,AR,19668.46,841.31,20360.87,26037.43,46467.52,966.73,3536.02,14323.7,66135.98,0.2973942474277995,0.012720912278006617,0.30786373771130326,0.3936953833601619,0.7026057525722005,0.014617308158131172,0.05346590464071146,0.21657953809711447,1.0
California,CA,129805.37,5307.32,251.56,96371.55,98385.79,62909.93,17489.1,17593.25,228191.16,0.5688448667336631,0.02325821911769062,0.0011024090503768858,0.4223281480316766,0.43115513326633687,0.27568960164802175,0.07664232041241212,0.07709873598959749,1.0
Colorado,CO,22207.64,162.93,21723.0,15445.53,37246.43,3771.74,1323.4,0.0,59454.07,0.37352598400748677,0.002740434759134236,0.36537448151152646,0.2597892793546346,0.6264740159925132,0.0634395593102373,0.02225919941225218,0.0,1.0
Connecticut,CT,18775.45,513.98,0.0,24530.69,25336.75,1470.32,313.54,16464.17,44112.2,0.4256294177121069,0.011651651923957547,0.0,0.5560976328544031,0.5743705822878932,0.033331368646315536,0.0071077842410943014,0.37323393528320964,1.0
Delaware,DE,305.28,78.97,104.75,4749.65,5161.15,221.93,0.0,0.0,5466.43,0.0558463201760564,0.0144463571288757,0.019162414958208557,0.868876030608642,0.9441536798239435,0.04059870884654153,0.0,0.0,1.0
Florida,FL,49238.55,4005.84,15531.57,193310.09,211731.31,13884.58,230.96,30768.33,260969.87,0.18867522905996775,0.015349817969407733,0.05951480145964743,0.740737196979866,0.8113247326214326,0.053203766396480945,0.0008850063802384544,0.11789993227953864,1.0
Georgia,GA,49696.01,5727.42,16778.38,59848.73,77071.28,7331.78,2533.93,34073.59,126767.29,0.39202549806026465,0.04518058246729105,0.13235575202404345,0.47211492807016703,0.6079745019397355,0.05783652865025355,0.019988831503773567,0.2687885021443623,1.0
Hawaii,HI,3163.49,277.06,647.76,0.0,7561.48,1881.69,110.08,0.0,10724.97,0.2949649276408232,0.025833172493722596,0.06039737174089998,0.0,0.7050350723591767,0.17544944181662048,0.010263898174074148,0.0,1.0
Idaho,ID,12089.06,460.4,6.27,4335.01,4391.84,711.94,8359.74,0.0,16480.9,0.7335194073139208,0.027935367607351536,0.00038044038857101245,0.26303235866973285,0.26648059268607904,0.043197883610725143,0.507238075590532,0.0,1.0
Illinois,IL,125565.9,282.71,40559.22,19789.29,60913.63,2794.94,115.24,98869.58,186479.53,0.6733495091927784,0.0015160377120212603,0.21749958293009428,0.10612044120874822,0.3266504908072216,0.014987918513093636,0.000617976675509639,0.5301899892175833,1.0
Indiana,IN,12152.47,385.91,51384.11,32120.9,86230.68,1363.37,370.83,0.0,98383.15,0.12352186324589119,0.00392252128540304,0.5222856759516239,0.32648781829002227,0.8764781367541088,0.013857759179290356,0.0037692430055349924,0.0,1.0
Iowa,IA,47801.34,220.14,18172.13,7339.04,25593.03,693.46,1009.83,0.0,73394.37,0.6512943703992554,0.0029994126252463234,0.24759569432914272,0.09999459086575714,0.3487056296007446,0.009448408644968273,0.01375895726061822,0.0,1.0
Kansas,KS,38915.22,60.84,20229.36,3362.56,23369.2,161.27,23.67,8981.96,62284.42,0.6247986254026289,0.0009768092887434772,0.3247900518299761,0.05398717688950142,0.37520137459737124,0.002589251051868188,0.0003800308327507907,0.14420877644842803,1.0
Kentucky,KY,5125.3,447.57,47053.33,16917.63,64105.26,147.9,4529.83,0.0,69230.56,0.07403233485327868,0.006464919538423494,0.6796612651984905,0.24436650519654907,0.9259676651467214,0.0021363397898269206,0.06543107552502825,0.0,1.0
Louisiana,LA,19705.65,2076.68,8172.86,72275.01,83061.29,468.4,916.07,16164.72,102766.94,0.19175086851861115,0.020207666006207832,0.07952810505012604,0.7032904745436616,0.8082491314813888,0.004557886028327787,0.008914053488407849,0.15729494329596658,1.0
Maine,ME,8369.63,1812.66,42.44,4142.68,4739.85,768.04,3063.33,0.0,13109.48,0.6384410365628537,0.1382709306547628,0.003237351901067014,0.3160064319866234,0.3615589634371463,0.05858661060545498,0.23367288405032083,0.0,1.0
Maryland,MD,19396.81,312.47,4639.31,13949.64,19025.38,1996.37,1779.68,14810.68,38422.19,0.5048335349963133,0.008132540076450614,0.12074558998328831,0.3630620742857187,0.49516646500368666,0.05195877694634272,0.046319067184874156,0.38547204102629234,1.0
Massachusetts,MA,7008.71,936.9,0.0,15775.97,17461.83,5353.15,477.57,0.0,24470.54,0.2864141943741331,0.03828685431543399,0.0,0.6446923525185795,0.7135858056258669,0.2187589648614211,0.019516120200044625,0.0,1.0
Michigan,MI,39071.93,2257.93,34482.19,41183.79,77248.46,1105.07,517.79,26013.36,116320.39,0.33589923486329437,0.019411300116858272,0.2964414923299346,0.3540547792179858,0.6641007651367057,0.009500226056669857,0.004451412172878718,0.22363542625673796,1.0
Minnesota,MN,34121.48,1186.67,16158.7,8736.08,25141.09,2144.36,950.43,14696.21,59262.57,0.5757678075723007,0.020023937537639695,0.2726628291685629,0.14741311421357528,0.42423219242769933,0.03618405344216426,0.016037610248762414,0.24798468915539773,1.0
Mississippi,MS,10424.0,1297.36,5651.37,51719.17,57379.69,525.92,0.0,8600.33,67803.69,0.1537379455306931,0.01913406187775326,0.0833490035719295,0.7627781024897022,0.8462620544693069,0.0077565100070512375,0.0,0.12684162174654506,1.0
Missouri,MO,18745.54,113.25,52832.38,8151.58,61146.92,680.76,1549.21,8874.77,79892.46,0.23463465763853059,0.0014175305153953201,0.6612936940482242,0.10203190639016498,0.7653653423614694,0.008520954292808107,0.01939119160932083,0.11108394959924879,1.0
Montana,MT,14020.65,27.95,11651.07,728.76,12667.54,84.91,9885.93,0.0,26688.19,0.5253503515974669,0.0010472797143605468,0.4365627642788814,0.027306460273251953,0.47464964840253315,0.0031815570857371745,0.3704233970156837,0.0,1.0
Nebraska,NE,19506.58,88.51,19945.27,1260.18,21240.45,109.99,1057.37,5618.5,40747.03,0.4787239708022892,0.002172182856026562,0.4894901542517332,0.03092691663662358,0.5212760291977109,0.0026993378413101518,0.0259496213589064,0.13788735031731147,1.0
Nevada,NV,16381.91,48.89,2735.26,24844.42,27594.88,10414.56,1685.78,0.0,43976.79,0.37251263677953755,0.0011117227974119985,0.06219780934442919,0.5649439170071303,0.6274873632204624,0.23681946772376972,0.03833340268809979,0.0,1.0
New Hampshire,NH,13702.09,852.76,305.46,4501.92,5302.59,244.19,1201.29,10921.53,19004.68,0.720985041579232,0.04487105281435941,0.01607288310037317,0.23688480942588877,0.27901495842076796,0.012848940366267677,0.06321021979849174,0.5746758166935724,1.0
New Jersey,NJ,33567.68,663.47,497.78,33394.32,34668.87,4690.9,0.0,28318.8,68236.55,0.4919310838546204,0.009723088286263008,0.007294917459924336,0.48939050992466643,0.5080689161453796,0.06874468301811858,0.0,0.41500925823477297,1.0
New Mexico,NM,17193.48,17.07,13292.0,10978.17,24288.71,2566.44,120.82,0.0,41482.19,0.41447859912892737,0.00041150189997201205,0.32042666985518364,0.2646477922211918,0.5855214008710725,0.061868478978568876,0.002912575252174487,0.0,1.0
New York,NY,65497.13,1880.13,0.0,60312.01,63159.49,5256.5,26980.83,26812.16,128656.62,0.5090848026319983,0.014613550394841713,0.0,0.4687827956307262,0.49091519736800177,0.04085681716183746,0.20971194486533226,0.2084009357621862,1.0
North Carolina,NC,61646.64,1824.87,14673.74,58131.39,73290.93,11858.41,4686.29,42644.28,134937.57,0.4568530469312586,0.013523809566157148,0.10874465873366475,0.4308021109317442,0.5431469530687413,0.08788071402204738,0.0347293196401862,0.3160297017354025,1.0
North Dakota,ND,18043.02,0.0,24831.19,1453.36,26359.66,1.72,1791.41,0.0,44402.68,0.40634979690415085,0.0,0.559227280875839,0.03273135765679008,0.5936502030958491,3.873640059563972e-05,0.040344636855252886,0.0,1.0
Ohio,OH,22274.59,530.15,42992.71,68864.95,112971.31,1246.67,506.97,16826.79,135245.9,0.1646969704811754,0.003919897017210873,0.31788549597436966,0.5091832728385851,0.8353030295188246,0.009217802535973365,0.0037485054999818854,0.12441626696262142,1.0
Oklahoma,OK,39777.71,311.79,8954.03,36022.92,45009.86,166.82,1679.1,0.0,84787.57,0.4691455363091547,0.003677307888408643,0.10560545608277251,0.4248608610908414,0.5308544636908452,0.0019675053784416747,0.01980361036411351,0.0,1.0
Oregon,OR,42670.54,984.97,0.0,19054.76,19091.9,2012.52,31304.32,0.0,61762.44,0.6908817073936846,0.015947718386773578,0.0,0.3085169562601477,0.30911829260631546,0.032584852541447516,0.5068504417895406,0.0,1.0
Pennsylvania,PA,84311.83,1592.95,23929.78,130163.55,155781.59,1046.54,1910.87,76166.02,240093.43,0.3511625869979033,0.006634708829808463,0.09966861650483314,0.5421370755542957,0.6488373713516442,0.004358886455160393,0.00795886001545315,0.31723491975603,1.0
Rhode Island,RI,1327.32,218.45,0.0,6963.77,7022.67,888.48,7.38,0.0,8349.99,0.15896066941397535,0.026161707978093387,0.0,0.8339854299226707,0.8410393305860246,0.10640491785020102,0.0008838333938124477,0.0,1.0
South Carolina,SC,60613.99,1992.03,14243.46,24143.89,38615.96,2942.0,1310.21,54369.75,99229.95,0.6108437019266865,0.020074886664762,0.1435399292249971,0.2433125281228097,0.38915629807331353,0.029648306786408743,0.01320377567458212,0.5479167328009336,1.0
South Dakota,SD,14586.74,28.75,1874.8,1424.34,3315.99,4.34,4258.54,0.0,17902.73,0.8147774110428968,0.0016059003291676744,0.10472145868255847,0.07955993303814557,0.1852225889571032,0.00024242112795087677,0.23787098392256376,0.0,1.0
Tennessee,TN,45550.52,433.98,15885.54,16520.81,32568.07,751.55,8706.76,35635.4,78118.59,0.5830944977373503,0.005555399809443566,0.2033515965917972,0.2114837198162435,0.41690550226264966,0.009620629353397187,0.11145567271503493,0.4561705478811126,1.0
Texas,TX,184023.7,1472.87,85336.95,256139.77,344538.25,25437.09,620.18,41606.95,528561.97,0.3481591761132569,0.002786560675184406,0.16145117288706942,0.48459742572852904,0.6518407860482283,0.048125085503219235,0.0011733345098588913,0.07871725996480601,1.0
Utah,UT,6486.37,73.82,22390.22,11107.09,33677.04,4628.94,595.36,0.0,40163.41,0.16149948423204102,0.0018379913458543482,0.5574780627441743,0.2765474843893982,0.8385005157679589,0.11525266405417267,0.014823442531398603,0.0,1.0
Vermont,VT,2385.58,422.2,0.0,1.5,9.63,413.51,1140.69,0.0,2395.21,0.9959794757035917,0.1762684691530179,0.0,0.0006262498904062692,0.004020524296408249,0.17264039478793092,0.47623799165835146,0.0,1.0
Virginia,VA,36561.66,3645.3,3346.07,48801.99,53322.78,5015.07,-364.71,28197.34,89884.44,0.40676295029484527,0.04055540647524755,0.03722635419434109,0.5429414701810458,0.5932370497051547,0.055794640318168526,-0.004057543218826306,0.3137065770226749,1.0
Washington,WA,98646.65,1312.82,3565.97,14532.32,18455.34,476.5,78926.59,9851.54,117101.99,0.8423994331778648,0.01121091110407261,0.03045183092106291,0.12409968438623459,0.15760056682213514,0.004069102497745768,0.6739987083054694,0.08412786153335225,1.0
"Washington, D.C.",DC,313.51,57.7,0.0,80.27,80.29,198.11,0.0,0.0,393.8,0.7961147790756729,0.14652107668867445,0.0,0.20383443372270185,0.2038852209243271,0.503072625698324,0.0,0.0,1.0
West Virginia,WV,3697.57,10.2,50717.5,2110.47,53000.99,33.21,1647.26,0.0,56698.56,0.06521453102159915,0.00017989874875129104,0.8945112539013337,0.03722263845854286,0.9347854689784009,0.000585729161375527,0.029052942438044283,0.0,1.0
Wisconsin,WI,16119.82,1153.76,21922.95,23276.43,45252.19,1032.5,1990.98,10077.02,61372.01,0.2626575209122204,0.018799449455867586,0.3572141437114411,0.37926784539075714,0.7373424790877796,0.01682363018581272,0.03244117310154906,0.1641956976804247,1.0
Wyoming,WY,10733.76,0.0,33517.89,1661.25,35636.69,208.87,744.75,0.0,46370.45,0.23147845233332867,0.0,0.7228286548868946,0.03582561739211071,0.7685215476666715,0.004504377248872936,0.016060874975334507,0.0,1.0
